low_res,high_res
./dataset/Raw Data/low_res/0.png,./dataset/Raw Data/high_res/0.png
./dataset/Raw Data/low_res/1.png,./dataset/Raw Data/high_res/1.png
./dataset/Raw Data/low_res/2.png,./dataset/Raw Data/high_res/2.png
./dataset/Raw Data/low_res/3.png,./dataset/Raw Data/high_res/3.png
./dataset/Raw Data/low_res/4.png,./dataset/Raw Data/high_res/4.png
./dataset/Raw Data/low_res/5.png,./dataset/Raw Data/high_res/5.png
./dataset/Raw Data/low_res/6.png,./dataset/Raw Data/high_res/6.png
./dataset/Raw Data/low_res/7.png,./dataset/Raw Data/high_res/7.png
./dataset/Raw Data/low_res/8.png,./dataset/Raw Data/high_res/8.png
./dataset/Raw Data/low_res/9.png,./dataset/Raw Data/high_res/9.png
./dataset/Raw Data/low_res/10.png,./dataset/Raw Data/high_res/10.png
./dataset/Raw Data/low_res/11.png,./dataset/Raw Data/high_res/11.png
./dataset/Raw Data/low_res/12.png,./dataset/Raw Data/high_res/12.png
./dataset/Raw Data/low_res/13.png,./dataset/Raw Data/high_res/13.png
./dataset/Raw Data/low_res/14.png,./dataset/Raw Data/high_res/14.png
./dataset/Raw Data/low_res/15.png,./dataset/Raw Data/high_res/15.png
./dataset/Raw Data/low_res/16.png,./dataset/Raw Data/high_res/16.png
./dataset/Raw Data/low_res/17.png,./dataset/Raw Data/high_res/17.png
./dataset/Raw Data/low_res/18.png,./dataset/Raw Data/high_res/18.png
./dataset/Raw Data/low_res/19.png,./dataset/Raw Data/high_res/19.png
./dataset/Raw Data/low_res/20.png,./dataset/Raw Data/high_res/20.png
./dataset/Raw Data/low_res/21.png,./dataset/Raw Data/high_res/21.png
./dataset/Raw Data/low_res/22.png,./dataset/Raw Data/high_res/22.png
./dataset/Raw Data/low_res/23.png,./dataset/Raw Data/high_res/23.png
./dataset/Raw Data/low_res/24.png,./dataset/Raw Data/high_res/24.png
./dataset/Raw Data/low_res/25.png,./dataset/Raw Data/high_res/25.png
./dataset/Raw Data/low_res/26.png,./dataset/Raw Data/high_res/26.png
./dataset/Raw Data/low_res/27.png,./dataset/Raw Data/high_res/27.png
./dataset/Raw Data/low_res/28.png,./dataset/Raw Data/high_res/28.png
./dataset/Raw Data/low_res/29.png,./dataset/Raw Data/high_res/29.png
./dataset/Raw Data/low_res/30.png,./dataset/Raw Data/high_res/30.png
./dataset/Raw Data/low_res/31.png,./dataset/Raw Data/high_res/31.png
./dataset/Raw Data/low_res/32.png,./dataset/Raw Data/high_res/32.png
./dataset/Raw Data/low_res/33.png,./dataset/Raw Data/high_res/33.png
./dataset/Raw Data/low_res/34.png,./dataset/Raw Data/high_res/34.png
./dataset/Raw Data/low_res/35.png,./dataset/Raw Data/high_res/35.png
./dataset/Raw Data/low_res/36.png,./dataset/Raw Data/high_res/36.png
./dataset/Raw Data/low_res/37.png,./dataset/Raw Data/high_res/37.png
./dataset/Raw Data/low_res/38.png,./dataset/Raw Data/high_res/38.png
./dataset/Raw Data/low_res/39.png,./dataset/Raw Data/high_res/39.png
./dataset/Raw Data/low_res/40.png,./dataset/Raw Data/high_res/40.png
./dataset/Raw Data/low_res/41.png,./dataset/Raw Data/high_res/41.png
./dataset/Raw Data/low_res/42.png,./dataset/Raw Data/high_res/42.png
./dataset/Raw Data/low_res/43.png,./dataset/Raw Data/high_res/43.png
./dataset/Raw Data/low_res/44.png,./dataset/Raw Data/high_res/44.png
./dataset/Raw Data/low_res/45.png,./dataset/Raw Data/high_res/45.png
./dataset/Raw Data/low_res/46.png,./dataset/Raw Data/high_res/46.png
./dataset/Raw Data/low_res/47.png,./dataset/Raw Data/high_res/47.png
./dataset/Raw Data/low_res/48.png,./dataset/Raw Data/high_res/48.png
./dataset/Raw Data/low_res/49.png,./dataset/Raw Data/high_res/49.png
./dataset/Raw Data/low_res/50.png,./dataset/Raw Data/high_res/50.png
./dataset/Raw Data/low_res/51.png,./dataset/Raw Data/high_res/51.png
./dataset/Raw Data/low_res/52.png,./dataset/Raw Data/high_res/52.png
./dataset/Raw Data/low_res/53.png,./dataset/Raw Data/high_res/53.png
./dataset/Raw Data/low_res/54.png,./dataset/Raw Data/high_res/54.png
./dataset/Raw Data/low_res/55.png,./dataset/Raw Data/high_res/55.png
./dataset/Raw Data/low_res/56.png,./dataset/Raw Data/high_res/56.png
./dataset/Raw Data/low_res/57.png,./dataset/Raw Data/high_res/57.png
./dataset/Raw Data/low_res/58.png,./dataset/Raw Data/high_res/58.png
./dataset/Raw Data/low_res/59.png,./dataset/Raw Data/high_res/59.png
./dataset/Raw Data/low_res/60.png,./dataset/Raw Data/high_res/60.png
./dataset/Raw Data/low_res/61.png,./dataset/Raw Data/high_res/61.png
./dataset/Raw Data/low_res/62.png,./dataset/Raw Data/high_res/62.png
./dataset/Raw Data/low_res/63.png,./dataset/Raw Data/high_res/63.png
./dataset/Raw Data/low_res/64.png,./dataset/Raw Data/high_res/64.png
./dataset/Raw Data/low_res/65.png,./dataset/Raw Data/high_res/65.png
./dataset/Raw Data/low_res/66.png,./dataset/Raw Data/high_res/66.png
./dataset/Raw Data/low_res/67.png,./dataset/Raw Data/high_res/67.png
./dataset/Raw Data/low_res/68.png,./dataset/Raw Data/high_res/68.png
./dataset/Raw Data/low_res/69.png,./dataset/Raw Data/high_res/69.png
./dataset/Raw Data/low_res/70.png,./dataset/Raw Data/high_res/70.png
./dataset/Raw Data/low_res/71.png,./dataset/Raw Data/high_res/71.png
./dataset/Raw Data/low_res/72.png,./dataset/Raw Data/high_res/72.png
./dataset/Raw Data/low_res/73.png,./dataset/Raw Data/high_res/73.png
./dataset/Raw Data/low_res/74.png,./dataset/Raw Data/high_res/74.png
./dataset/Raw Data/low_res/75.png,./dataset/Raw Data/high_res/75.png
./dataset/Raw Data/low_res/76.png,./dataset/Raw Data/high_res/76.png
./dataset/Raw Data/low_res/77.png,./dataset/Raw Data/high_res/77.png
./dataset/Raw Data/low_res/78.png,./dataset/Raw Data/high_res/78.png
./dataset/Raw Data/low_res/79.png,./dataset/Raw Data/high_res/79.png
./dataset/Raw Data/low_res/80.png,./dataset/Raw Data/high_res/80.png
./dataset/Raw Data/low_res/81.png,./dataset/Raw Data/high_res/81.png
./dataset/Raw Data/low_res/82.png,./dataset/Raw Data/high_res/82.png
./dataset/Raw Data/low_res/83.png,./dataset/Raw Data/high_res/83.png
./dataset/Raw Data/low_res/84.png,./dataset/Raw Data/high_res/84.png
./dataset/Raw Data/low_res/85.png,./dataset/Raw Data/high_res/85.png
./dataset/Raw Data/low_res/86.png,./dataset/Raw Data/high_res/86.png
./dataset/Raw Data/low_res/87.png,./dataset/Raw Data/high_res/87.png
./dataset/Raw Data/low_res/88.png,./dataset/Raw Data/high_res/88.png
./dataset/Raw Data/low_res/89.png,./dataset/Raw Data/high_res/89.png
./dataset/Raw Data/low_res/90.png,./dataset/Raw Data/high_res/90.png
./dataset/Raw Data/low_res/91.png,./dataset/Raw Data/high_res/91.png
./dataset/Raw Data/low_res/92.png,./dataset/Raw Data/high_res/92.png
./dataset/Raw Data/low_res/93.png,./dataset/Raw Data/high_res/93.png
./dataset/Raw Data/low_res/94.png,./dataset/Raw Data/high_res/94.png
./dataset/Raw Data/low_res/95.png,./dataset/Raw Data/high_res/95.png
./dataset/Raw Data/low_res/96.png,./dataset/Raw Data/high_res/96.png
./dataset/Raw Data/low_res/97.png,./dataset/Raw Data/high_res/97.png
./dataset/Raw Data/low_res/98.png,./dataset/Raw Data/high_res/98.png
./dataset/Raw Data/low_res/99.png,./dataset/Raw Data/high_res/99.png
./dataset/Raw Data/low_res/100.png,./dataset/Raw Data/high_res/100.png
./dataset/Raw Data/low_res/101.png,./dataset/Raw Data/high_res/101.png
./dataset/Raw Data/low_res/102.png,./dataset/Raw Data/high_res/102.png
./dataset/Raw Data/low_res/103.png,./dataset/Raw Data/high_res/103.png
./dataset/Raw Data/low_res/104.png,./dataset/Raw Data/high_res/104.png
./dataset/Raw Data/low_res/105.png,./dataset/Raw Data/high_res/105.png
./dataset/Raw Data/low_res/106.png,./dataset/Raw Data/high_res/106.png
./dataset/Raw Data/low_res/107.png,./dataset/Raw Data/high_res/107.png
./dataset/Raw Data/low_res/108.png,./dataset/Raw Data/high_res/108.png
./dataset/Raw Data/low_res/109.png,./dataset/Raw Data/high_res/109.png
./dataset/Raw Data/low_res/110.png,./dataset/Raw Data/high_res/110.png
./dataset/Raw Data/low_res/111.png,./dataset/Raw Data/high_res/111.png
./dataset/Raw Data/low_res/112.png,./dataset/Raw Data/high_res/112.png
./dataset/Raw Data/low_res/113.png,./dataset/Raw Data/high_res/113.png
./dataset/Raw Data/low_res/114.png,./dataset/Raw Data/high_res/114.png
./dataset/Raw Data/low_res/115.png,./dataset/Raw Data/high_res/115.png
./dataset/Raw Data/low_res/116.png,./dataset/Raw Data/high_res/116.png
./dataset/Raw Data/low_res/117.png,./dataset/Raw Data/high_res/117.png
./dataset/Raw Data/low_res/118.png,./dataset/Raw Data/high_res/118.png
./dataset/Raw Data/low_res/119.png,./dataset/Raw Data/high_res/119.png
./dataset/Raw Data/low_res/120.png,./dataset/Raw Data/high_res/120.png
./dataset/Raw Data/low_res/121.png,./dataset/Raw Data/high_res/121.png
./dataset/Raw Data/low_res/122.png,./dataset/Raw Data/high_res/122.png
./dataset/Raw Data/low_res/123.png,./dataset/Raw Data/high_res/123.png
./dataset/Raw Data/low_res/124.png,./dataset/Raw Data/high_res/124.png
./dataset/Raw Data/low_res/125.png,./dataset/Raw Data/high_res/125.png
./dataset/Raw Data/low_res/126.png,./dataset/Raw Data/high_res/126.png
./dataset/Raw Data/low_res/127.png,./dataset/Raw Data/high_res/127.png
./dataset/Raw Data/low_res/128.png,./dataset/Raw Data/high_res/128.png
./dataset/Raw Data/low_res/129.png,./dataset/Raw Data/high_res/129.png
./dataset/Raw Data/low_res/130.png,./dataset/Raw Data/high_res/130.png
./dataset/Raw Data/low_res/131.png,./dataset/Raw Data/high_res/131.png
./dataset/Raw Data/low_res/132.png,./dataset/Raw Data/high_res/132.png
./dataset/Raw Data/low_res/133.png,./dataset/Raw Data/high_res/133.png
./dataset/Raw Data/low_res/134.png,./dataset/Raw Data/high_res/134.png
./dataset/Raw Data/low_res/135.png,./dataset/Raw Data/high_res/135.png
./dataset/Raw Data/low_res/136.png,./dataset/Raw Data/high_res/136.png
./dataset/Raw Data/low_res/137.png,./dataset/Raw Data/high_res/137.png
./dataset/Raw Data/low_res/138.png,./dataset/Raw Data/high_res/138.png
./dataset/Raw Data/low_res/139.png,./dataset/Raw Data/high_res/139.png
./dataset/Raw Data/low_res/140.png,./dataset/Raw Data/high_res/140.png
./dataset/Raw Data/low_res/141.png,./dataset/Raw Data/high_res/141.png
./dataset/Raw Data/low_res/142.png,./dataset/Raw Data/high_res/142.png
./dataset/Raw Data/low_res/143.png,./dataset/Raw Data/high_res/143.png
./dataset/Raw Data/low_res/144.png,./dataset/Raw Data/high_res/144.png
./dataset/Raw Data/low_res/145.png,./dataset/Raw Data/high_res/145.png
./dataset/Raw Data/low_res/146.png,./dataset/Raw Data/high_res/146.png
./dataset/Raw Data/low_res/147.png,./dataset/Raw Data/high_res/147.png
./dataset/Raw Data/low_res/148.png,./dataset/Raw Data/high_res/148.png
./dataset/Raw Data/low_res/149.png,./dataset/Raw Data/high_res/149.png
./dataset/Raw Data/low_res/150.png,./dataset/Raw Data/high_res/150.png
./dataset/Raw Data/low_res/151.png,./dataset/Raw Data/high_res/151.png
./dataset/Raw Data/low_res/152.png,./dataset/Raw Data/high_res/152.png
./dataset/Raw Data/low_res/153.png,./dataset/Raw Data/high_res/153.png
./dataset/Raw Data/low_res/154.png,./dataset/Raw Data/high_res/154.png
./dataset/Raw Data/low_res/155.png,./dataset/Raw Data/high_res/155.png
./dataset/Raw Data/low_res/156.png,./dataset/Raw Data/high_res/156.png
./dataset/Raw Data/low_res/157.png,./dataset/Raw Data/high_res/157.png
./dataset/Raw Data/low_res/158.png,./dataset/Raw Data/high_res/158.png
./dataset/Raw Data/low_res/159.png,./dataset/Raw Data/high_res/159.png
./dataset/Raw Data/low_res/160.png,./dataset/Raw Data/high_res/160.png
./dataset/Raw Data/low_res/161.png,./dataset/Raw Data/high_res/161.png
./dataset/Raw Data/low_res/162.png,./dataset/Raw Data/high_res/162.png
./dataset/Raw Data/low_res/163.png,./dataset/Raw Data/high_res/163.png
./dataset/Raw Data/low_res/164.png,./dataset/Raw Data/high_res/164.png
./dataset/Raw Data/low_res/165.png,./dataset/Raw Data/high_res/165.png
./dataset/Raw Data/low_res/166.png,./dataset/Raw Data/high_res/166.png
./dataset/Raw Data/low_res/167.png,./dataset/Raw Data/high_res/167.png
./dataset/Raw Data/low_res/168.png,./dataset/Raw Data/high_res/168.png
./dataset/Raw Data/low_res/169.png,./dataset/Raw Data/high_res/169.png
./dataset/Raw Data/low_res/170.png,./dataset/Raw Data/high_res/170.png
./dataset/Raw Data/low_res/171.png,./dataset/Raw Data/high_res/171.png
./dataset/Raw Data/low_res/172.png,./dataset/Raw Data/high_res/172.png
./dataset/Raw Data/low_res/173.png,./dataset/Raw Data/high_res/173.png
./dataset/Raw Data/low_res/174.png,./dataset/Raw Data/high_res/174.png
./dataset/Raw Data/low_res/175.png,./dataset/Raw Data/high_res/175.png
./dataset/Raw Data/low_res/176.png,./dataset/Raw Data/high_res/176.png
./dataset/Raw Data/low_res/177.png,./dataset/Raw Data/high_res/177.png
./dataset/Raw Data/low_res/178.png,./dataset/Raw Data/high_res/178.png
./dataset/Raw Data/low_res/179.png,./dataset/Raw Data/high_res/179.png
./dataset/Raw Data/low_res/180.png,./dataset/Raw Data/high_res/180.png
./dataset/Raw Data/low_res/181.png,./dataset/Raw Data/high_res/181.png
./dataset/Raw Data/low_res/182.png,./dataset/Raw Data/high_res/182.png
./dataset/Raw Data/low_res/183.png,./dataset/Raw Data/high_res/183.png
./dataset/Raw Data/low_res/184.png,./dataset/Raw Data/high_res/184.png
./dataset/Raw Data/low_res/185.png,./dataset/Raw Data/high_res/185.png
./dataset/Raw Data/low_res/186.png,./dataset/Raw Data/high_res/186.png
./dataset/Raw Data/low_res/187.png,./dataset/Raw Data/high_res/187.png
./dataset/Raw Data/low_res/188.png,./dataset/Raw Data/high_res/188.png
./dataset/Raw Data/low_res/189.png,./dataset/Raw Data/high_res/189.png
./dataset/Raw Data/low_res/190.png,./dataset/Raw Data/high_res/190.png
./dataset/Raw Data/low_res/191.png,./dataset/Raw Data/high_res/191.png
./dataset/Raw Data/low_res/192.png,./dataset/Raw Data/high_res/192.png
./dataset/Raw Data/low_res/193.png,./dataset/Raw Data/high_res/193.png
./dataset/Raw Data/low_res/194.png,./dataset/Raw Data/high_res/194.png
./dataset/Raw Data/low_res/195.png,./dataset/Raw Data/high_res/195.png
./dataset/Raw Data/low_res/196.png,./dataset/Raw Data/high_res/196.png
./dataset/Raw Data/low_res/197.png,./dataset/Raw Data/high_res/197.png
./dataset/Raw Data/low_res/198.png,./dataset/Raw Data/high_res/198.png
./dataset/Raw Data/low_res/199.png,./dataset/Raw Data/high_res/199.png
./dataset/Raw Data/low_res/200.png,./dataset/Raw Data/high_res/200.png
./dataset/Raw Data/low_res/201.png,./dataset/Raw Data/high_res/201.png
./dataset/Raw Data/low_res/202.png,./dataset/Raw Data/high_res/202.png
./dataset/Raw Data/low_res/203.png,./dataset/Raw Data/high_res/203.png
./dataset/Raw Data/low_res/204.png,./dataset/Raw Data/high_res/204.png
./dataset/Raw Data/low_res/205.png,./dataset/Raw Data/high_res/205.png
./dataset/Raw Data/low_res/206.png,./dataset/Raw Data/high_res/206.png
./dataset/Raw Data/low_res/207.png,./dataset/Raw Data/high_res/207.png
./dataset/Raw Data/low_res/208.png,./dataset/Raw Data/high_res/208.png
./dataset/Raw Data/low_res/209.png,./dataset/Raw Data/high_res/209.png
./dataset/Raw Data/low_res/210.png,./dataset/Raw Data/high_res/210.png
./dataset/Raw Data/low_res/211.png,./dataset/Raw Data/high_res/211.png
./dataset/Raw Data/low_res/212.png,./dataset/Raw Data/high_res/212.png
./dataset/Raw Data/low_res/213.png,./dataset/Raw Data/high_res/213.png
./dataset/Raw Data/low_res/214.png,./dataset/Raw Data/high_res/214.png
./dataset/Raw Data/low_res/215.png,./dataset/Raw Data/high_res/215.png
./dataset/Raw Data/low_res/216.png,./dataset/Raw Data/high_res/216.png
./dataset/Raw Data/low_res/217.png,./dataset/Raw Data/high_res/217.png
./dataset/Raw Data/low_res/218.png,./dataset/Raw Data/high_res/218.png
./dataset/Raw Data/low_res/219.png,./dataset/Raw Data/high_res/219.png
./dataset/Raw Data/low_res/220.png,./dataset/Raw Data/high_res/220.png
./dataset/Raw Data/low_res/221.png,./dataset/Raw Data/high_res/221.png
./dataset/Raw Data/low_res/222.png,./dataset/Raw Data/high_res/222.png
./dataset/Raw Data/low_res/223.png,./dataset/Raw Data/high_res/223.png
./dataset/Raw Data/low_res/224.png,./dataset/Raw Data/high_res/224.png
./dataset/Raw Data/low_res/225.png,./dataset/Raw Data/high_res/225.png
./dataset/Raw Data/low_res/226.png,./dataset/Raw Data/high_res/226.png
./dataset/Raw Data/low_res/227.png,./dataset/Raw Data/high_res/227.png
./dataset/Raw Data/low_res/228.png,./dataset/Raw Data/high_res/228.png
./dataset/Raw Data/low_res/229.png,./dataset/Raw Data/high_res/229.png
./dataset/Raw Data/low_res/230.png,./dataset/Raw Data/high_res/230.png
./dataset/Raw Data/low_res/231.png,./dataset/Raw Data/high_res/231.png
./dataset/Raw Data/low_res/232.png,./dataset/Raw Data/high_res/232.png
./dataset/Raw Data/low_res/233.png,./dataset/Raw Data/high_res/233.png
./dataset/Raw Data/low_res/234.png,./dataset/Raw Data/high_res/234.png
./dataset/Raw Data/low_res/235.png,./dataset/Raw Data/high_res/235.png
./dataset/Raw Data/low_res/236.png,./dataset/Raw Data/high_res/236.png
./dataset/Raw Data/low_res/237.png,./dataset/Raw Data/high_res/237.png
./dataset/Raw Data/low_res/238.png,./dataset/Raw Data/high_res/238.png
./dataset/Raw Data/low_res/239.png,./dataset/Raw Data/high_res/239.png
./dataset/Raw Data/low_res/240.png,./dataset/Raw Data/high_res/240.png
./dataset/Raw Data/low_res/241.png,./dataset/Raw Data/high_res/241.png
./dataset/Raw Data/low_res/242.png,./dataset/Raw Data/high_res/242.png
./dataset/Raw Data/low_res/243.png,./dataset/Raw Data/high_res/243.png
./dataset/Raw Data/low_res/244.png,./dataset/Raw Data/high_res/244.png
./dataset/Raw Data/low_res/245.png,./dataset/Raw Data/high_res/245.png
./dataset/Raw Data/low_res/246.png,./dataset/Raw Data/high_res/246.png
./dataset/Raw Data/low_res/247.png,./dataset/Raw Data/high_res/247.png
./dataset/Raw Data/low_res/248.png,./dataset/Raw Data/high_res/248.png
./dataset/Raw Data/low_res/249.png,./dataset/Raw Data/high_res/249.png
./dataset/Raw Data/low_res/250.png,./dataset/Raw Data/high_res/250.png
./dataset/Raw Data/low_res/251.png,./dataset/Raw Data/high_res/251.png
./dataset/Raw Data/low_res/252.png,./dataset/Raw Data/high_res/252.png
./dataset/Raw Data/low_res/253.png,./dataset/Raw Data/high_res/253.png
./dataset/Raw Data/low_res/254.png,./dataset/Raw Data/high_res/254.png
./dataset/Raw Data/low_res/255.png,./dataset/Raw Data/high_res/255.png
./dataset/Raw Data/low_res/256.png,./dataset/Raw Data/high_res/256.png
./dataset/Raw Data/low_res/257.png,./dataset/Raw Data/high_res/257.png
./dataset/Raw Data/low_res/258.png,./dataset/Raw Data/high_res/258.png
./dataset/Raw Data/low_res/259.png,./dataset/Raw Data/high_res/259.png
./dataset/Raw Data/low_res/260.png,./dataset/Raw Data/high_res/260.png
./dataset/Raw Data/low_res/261.png,./dataset/Raw Data/high_res/261.png
./dataset/Raw Data/low_res/262.png,./dataset/Raw Data/high_res/262.png
./dataset/Raw Data/low_res/263.png,./dataset/Raw Data/high_res/263.png
./dataset/Raw Data/low_res/264.png,./dataset/Raw Data/high_res/264.png
./dataset/Raw Data/low_res/265.png,./dataset/Raw Data/high_res/265.png
./dataset/Raw Data/low_res/266.png,./dataset/Raw Data/high_res/266.png
./dataset/Raw Data/low_res/267.png,./dataset/Raw Data/high_res/267.png
./dataset/Raw Data/low_res/268.png,./dataset/Raw Data/high_res/268.png
./dataset/Raw Data/low_res/269.png,./dataset/Raw Data/high_res/269.png
./dataset/Raw Data/low_res/270.png,./dataset/Raw Data/high_res/270.png
./dataset/Raw Data/low_res/271.png,./dataset/Raw Data/high_res/271.png
./dataset/Raw Data/low_res/272.png,./dataset/Raw Data/high_res/272.png
./dataset/Raw Data/low_res/273.png,./dataset/Raw Data/high_res/273.png
./dataset/Raw Data/low_res/274.png,./dataset/Raw Data/high_res/274.png
./dataset/Raw Data/low_res/275.png,./dataset/Raw Data/high_res/275.png
./dataset/Raw Data/low_res/276.png,./dataset/Raw Data/high_res/276.png
./dataset/Raw Data/low_res/277.png,./dataset/Raw Data/high_res/277.png
./dataset/Raw Data/low_res/278.png,./dataset/Raw Data/high_res/278.png
./dataset/Raw Data/low_res/279.png,./dataset/Raw Data/high_res/279.png
./dataset/Raw Data/low_res/280.png,./dataset/Raw Data/high_res/280.png
./dataset/Raw Data/low_res/281.png,./dataset/Raw Data/high_res/281.png
./dataset/Raw Data/low_res/282.png,./dataset/Raw Data/high_res/282.png
./dataset/Raw Data/low_res/283.png,./dataset/Raw Data/high_res/283.png
./dataset/Raw Data/low_res/284.png,./dataset/Raw Data/high_res/284.png
./dataset/Raw Data/low_res/285.png,./dataset/Raw Data/high_res/285.png
./dataset/Raw Data/low_res/286.png,./dataset/Raw Data/high_res/286.png
./dataset/Raw Data/low_res/287.png,./dataset/Raw Data/high_res/287.png
./dataset/Raw Data/low_res/288.png,./dataset/Raw Data/high_res/288.png
./dataset/Raw Data/low_res/289.png,./dataset/Raw Data/high_res/289.png
./dataset/Raw Data/low_res/290.png,./dataset/Raw Data/high_res/290.png
./dataset/Raw Data/low_res/291.png,./dataset/Raw Data/high_res/291.png
./dataset/Raw Data/low_res/292.png,./dataset/Raw Data/high_res/292.png
./dataset/Raw Data/low_res/293.png,./dataset/Raw Data/high_res/293.png
./dataset/Raw Data/low_res/294.png,./dataset/Raw Data/high_res/294.png
./dataset/Raw Data/low_res/295.png,./dataset/Raw Data/high_res/295.png
./dataset/Raw Data/low_res/296.png,./dataset/Raw Data/high_res/296.png
./dataset/Raw Data/low_res/297.png,./dataset/Raw Data/high_res/297.png
./dataset/Raw Data/low_res/298.png,./dataset/Raw Data/high_res/298.png
./dataset/Raw Data/low_res/299.png,./dataset/Raw Data/high_res/299.png
./dataset/Raw Data/low_res/300.png,./dataset/Raw Data/high_res/300.png
./dataset/Raw Data/low_res/301.png,./dataset/Raw Data/high_res/301.png
./dataset/Raw Data/low_res/302.png,./dataset/Raw Data/high_res/302.png
./dataset/Raw Data/low_res/303.png,./dataset/Raw Data/high_res/303.png
./dataset/Raw Data/low_res/304.png,./dataset/Raw Data/high_res/304.png
./dataset/Raw Data/low_res/305.png,./dataset/Raw Data/high_res/305.png
./dataset/Raw Data/low_res/306.png,./dataset/Raw Data/high_res/306.png
./dataset/Raw Data/low_res/307.png,./dataset/Raw Data/high_res/307.png
./dataset/Raw Data/low_res/308.png,./dataset/Raw Data/high_res/308.png
./dataset/Raw Data/low_res/309.png,./dataset/Raw Data/high_res/309.png
./dataset/Raw Data/low_res/310.png,./dataset/Raw Data/high_res/310.png
./dataset/Raw Data/low_res/311.png,./dataset/Raw Data/high_res/311.png
./dataset/Raw Data/low_res/312.png,./dataset/Raw Data/high_res/312.png
./dataset/Raw Data/low_res/313.png,./dataset/Raw Data/high_res/313.png
./dataset/Raw Data/low_res/314.png,./dataset/Raw Data/high_res/314.png
./dataset/Raw Data/low_res/315.png,./dataset/Raw Data/high_res/315.png
./dataset/Raw Data/low_res/316.png,./dataset/Raw Data/high_res/316.png
./dataset/Raw Data/low_res/317.png,./dataset/Raw Data/high_res/317.png
./dataset/Raw Data/low_res/318.png,./dataset/Raw Data/high_res/318.png
./dataset/Raw Data/low_res/319.png,./dataset/Raw Data/high_res/319.png
./dataset/Raw Data/low_res/320.png,./dataset/Raw Data/high_res/320.png
./dataset/Raw Data/low_res/321.png,./dataset/Raw Data/high_res/321.png
./dataset/Raw Data/low_res/322.png,./dataset/Raw Data/high_res/322.png
./dataset/Raw Data/low_res/323.png,./dataset/Raw Data/high_res/323.png
./dataset/Raw Data/low_res/324.png,./dataset/Raw Data/high_res/324.png
./dataset/Raw Data/low_res/325.png,./dataset/Raw Data/high_res/325.png
./dataset/Raw Data/low_res/326.png,./dataset/Raw Data/high_res/326.png
./dataset/Raw Data/low_res/327.png,./dataset/Raw Data/high_res/327.png
./dataset/Raw Data/low_res/328.png,./dataset/Raw Data/high_res/328.png
./dataset/Raw Data/low_res/329.png,./dataset/Raw Data/high_res/329.png
./dataset/Raw Data/low_res/330.png,./dataset/Raw Data/high_res/330.png
./dataset/Raw Data/low_res/331.png,./dataset/Raw Data/high_res/331.png
./dataset/Raw Data/low_res/332.png,./dataset/Raw Data/high_res/332.png
./dataset/Raw Data/low_res/333.png,./dataset/Raw Data/high_res/333.png
./dataset/Raw Data/low_res/334.png,./dataset/Raw Data/high_res/334.png
./dataset/Raw Data/low_res/335.png,./dataset/Raw Data/high_res/335.png
./dataset/Raw Data/low_res/336.png,./dataset/Raw Data/high_res/336.png
./dataset/Raw Data/low_res/337.png,./dataset/Raw Data/high_res/337.png
./dataset/Raw Data/low_res/338.png,./dataset/Raw Data/high_res/338.png
./dataset/Raw Data/low_res/339.png,./dataset/Raw Data/high_res/339.png
./dataset/Raw Data/low_res/340.png,./dataset/Raw Data/high_res/340.png
./dataset/Raw Data/low_res/341.png,./dataset/Raw Data/high_res/341.png
./dataset/Raw Data/low_res/342.png,./dataset/Raw Data/high_res/342.png
./dataset/Raw Data/low_res/343.png,./dataset/Raw Data/high_res/343.png
./dataset/Raw Data/low_res/344.png,./dataset/Raw Data/high_res/344.png
./dataset/Raw Data/low_res/345.png,./dataset/Raw Data/high_res/345.png
./dataset/Raw Data/low_res/346.png,./dataset/Raw Data/high_res/346.png
./dataset/Raw Data/low_res/347.png,./dataset/Raw Data/high_res/347.png
./dataset/Raw Data/low_res/348.png,./dataset/Raw Data/high_res/348.png
./dataset/Raw Data/low_res/349.png,./dataset/Raw Data/high_res/349.png
./dataset/Raw Data/low_res/350.png,./dataset/Raw Data/high_res/350.png
./dataset/Raw Data/low_res/351.png,./dataset/Raw Data/high_res/351.png
./dataset/Raw Data/low_res/352.png,./dataset/Raw Data/high_res/352.png
./dataset/Raw Data/low_res/353.png,./dataset/Raw Data/high_res/353.png
./dataset/Raw Data/low_res/354.png,./dataset/Raw Data/high_res/354.png
./dataset/Raw Data/low_res/355.png,./dataset/Raw Data/high_res/355.png
./dataset/Raw Data/low_res/356.png,./dataset/Raw Data/high_res/356.png
./dataset/Raw Data/low_res/357.png,./dataset/Raw Data/high_res/357.png
./dataset/Raw Data/low_res/358.png,./dataset/Raw Data/high_res/358.png
./dataset/Raw Data/low_res/359.png,./dataset/Raw Data/high_res/359.png
./dataset/Raw Data/low_res/360.png,./dataset/Raw Data/high_res/360.png
./dataset/Raw Data/low_res/361.png,./dataset/Raw Data/high_res/361.png
./dataset/Raw Data/low_res/362.png,./dataset/Raw Data/high_res/362.png
./dataset/Raw Data/low_res/363.png,./dataset/Raw Data/high_res/363.png
./dataset/Raw Data/low_res/364.png,./dataset/Raw Data/high_res/364.png
./dataset/Raw Data/low_res/365.png,./dataset/Raw Data/high_res/365.png
./dataset/Raw Data/low_res/366.png,./dataset/Raw Data/high_res/366.png
./dataset/Raw Data/low_res/367.png,./dataset/Raw Data/high_res/367.png
./dataset/Raw Data/low_res/368.png,./dataset/Raw Data/high_res/368.png
./dataset/Raw Data/low_res/369.png,./dataset/Raw Data/high_res/369.png
./dataset/Raw Data/low_res/370.png,./dataset/Raw Data/high_res/370.png
./dataset/Raw Data/low_res/371.png,./dataset/Raw Data/high_res/371.png
./dataset/Raw Data/low_res/372.png,./dataset/Raw Data/high_res/372.png
./dataset/Raw Data/low_res/373.png,./dataset/Raw Data/high_res/373.png
./dataset/Raw Data/low_res/374.png,./dataset/Raw Data/high_res/374.png
./dataset/Raw Data/low_res/375.png,./dataset/Raw Data/high_res/375.png
./dataset/Raw Data/low_res/376.png,./dataset/Raw Data/high_res/376.png
./dataset/Raw Data/low_res/377.png,./dataset/Raw Data/high_res/377.png
./dataset/Raw Data/low_res/378.png,./dataset/Raw Data/high_res/378.png
./dataset/Raw Data/low_res/379.png,./dataset/Raw Data/high_res/379.png
./dataset/Raw Data/low_res/380.png,./dataset/Raw Data/high_res/380.png
./dataset/Raw Data/low_res/381.png,./dataset/Raw Data/high_res/381.png
./dataset/Raw Data/low_res/382.png,./dataset/Raw Data/high_res/382.png
./dataset/Raw Data/low_res/383.png,./dataset/Raw Data/high_res/383.png
./dataset/Raw Data/low_res/384.png,./dataset/Raw Data/high_res/384.png
./dataset/Raw Data/low_res/385.png,./dataset/Raw Data/high_res/385.png
./dataset/Raw Data/low_res/386.png,./dataset/Raw Data/high_res/386.png
./dataset/Raw Data/low_res/387.png,./dataset/Raw Data/high_res/387.png
./dataset/Raw Data/low_res/388.png,./dataset/Raw Data/high_res/388.png
./dataset/Raw Data/low_res/389.png,./dataset/Raw Data/high_res/389.png
./dataset/Raw Data/low_res/390.png,./dataset/Raw Data/high_res/390.png
./dataset/Raw Data/low_res/391.png,./dataset/Raw Data/high_res/391.png
./dataset/Raw Data/low_res/392.png,./dataset/Raw Data/high_res/392.png
./dataset/Raw Data/low_res/393.png,./dataset/Raw Data/high_res/393.png
./dataset/Raw Data/low_res/394.png,./dataset/Raw Data/high_res/394.png
./dataset/Raw Data/low_res/395.png,./dataset/Raw Data/high_res/395.png
./dataset/Raw Data/low_res/396.png,./dataset/Raw Data/high_res/396.png
./dataset/Raw Data/low_res/397.png,./dataset/Raw Data/high_res/397.png
./dataset/Raw Data/low_res/398.png,./dataset/Raw Data/high_res/398.png
./dataset/Raw Data/low_res/399.png,./dataset/Raw Data/high_res/399.png
./dataset/Raw Data/low_res/400.png,./dataset/Raw Data/high_res/400.png
./dataset/Raw Data/low_res/401.png,./dataset/Raw Data/high_res/401.png
./dataset/Raw Data/low_res/402.png,./dataset/Raw Data/high_res/402.png
./dataset/Raw Data/low_res/403.png,./dataset/Raw Data/high_res/403.png
./dataset/Raw Data/low_res/404.png,./dataset/Raw Data/high_res/404.png
./dataset/Raw Data/low_res/405.png,./dataset/Raw Data/high_res/405.png
./dataset/Raw Data/low_res/406.png,./dataset/Raw Data/high_res/406.png
./dataset/Raw Data/low_res/407.png,./dataset/Raw Data/high_res/407.png
./dataset/Raw Data/low_res/408.png,./dataset/Raw Data/high_res/408.png
./dataset/Raw Data/low_res/409.png,./dataset/Raw Data/high_res/409.png
./dataset/Raw Data/low_res/410.png,./dataset/Raw Data/high_res/410.png
./dataset/Raw Data/low_res/411.png,./dataset/Raw Data/high_res/411.png
./dataset/Raw Data/low_res/412.png,./dataset/Raw Data/high_res/412.png
./dataset/Raw Data/low_res/413.png,./dataset/Raw Data/high_res/413.png
./dataset/Raw Data/low_res/414.png,./dataset/Raw Data/high_res/414.png
./dataset/Raw Data/low_res/415.png,./dataset/Raw Data/high_res/415.png
./dataset/Raw Data/low_res/416.png,./dataset/Raw Data/high_res/416.png
./dataset/Raw Data/low_res/417.png,./dataset/Raw Data/high_res/417.png
./dataset/Raw Data/low_res/418.png,./dataset/Raw Data/high_res/418.png
./dataset/Raw Data/low_res/419.png,./dataset/Raw Data/high_res/419.png
./dataset/Raw Data/low_res/420.png,./dataset/Raw Data/high_res/420.png
./dataset/Raw Data/low_res/421.png,./dataset/Raw Data/high_res/421.png
./dataset/Raw Data/low_res/422.png,./dataset/Raw Data/high_res/422.png
./dataset/Raw Data/low_res/423.png,./dataset/Raw Data/high_res/423.png
./dataset/Raw Data/low_res/424.png,./dataset/Raw Data/high_res/424.png
./dataset/Raw Data/low_res/425.png,./dataset/Raw Data/high_res/425.png
./dataset/Raw Data/low_res/426.png,./dataset/Raw Data/high_res/426.png
./dataset/Raw Data/low_res/427.png,./dataset/Raw Data/high_res/427.png
./dataset/Raw Data/low_res/428.png,./dataset/Raw Data/high_res/428.png
./dataset/Raw Data/low_res/429.png,./dataset/Raw Data/high_res/429.png
./dataset/Raw Data/low_res/430.png,./dataset/Raw Data/high_res/430.png
./dataset/Raw Data/low_res/431.png,./dataset/Raw Data/high_res/431.png
./dataset/Raw Data/low_res/432.png,./dataset/Raw Data/high_res/432.png
./dataset/Raw Data/low_res/433.png,./dataset/Raw Data/high_res/433.png
./dataset/Raw Data/low_res/434.png,./dataset/Raw Data/high_res/434.png
./dataset/Raw Data/low_res/435.png,./dataset/Raw Data/high_res/435.png
./dataset/Raw Data/low_res/436.png,./dataset/Raw Data/high_res/436.png
./dataset/Raw Data/low_res/437.png,./dataset/Raw Data/high_res/437.png
./dataset/Raw Data/low_res/438.png,./dataset/Raw Data/high_res/438.png
./dataset/Raw Data/low_res/439.png,./dataset/Raw Data/high_res/439.png
./dataset/Raw Data/low_res/440.png,./dataset/Raw Data/high_res/440.png
./dataset/Raw Data/low_res/441.png,./dataset/Raw Data/high_res/441.png
./dataset/Raw Data/low_res/442.png,./dataset/Raw Data/high_res/442.png
./dataset/Raw Data/low_res/443.png,./dataset/Raw Data/high_res/443.png
./dataset/Raw Data/low_res/444.png,./dataset/Raw Data/high_res/444.png
./dataset/Raw Data/low_res/445.png,./dataset/Raw Data/high_res/445.png
./dataset/Raw Data/low_res/446.png,./dataset/Raw Data/high_res/446.png
./dataset/Raw Data/low_res/447.png,./dataset/Raw Data/high_res/447.png
./dataset/Raw Data/low_res/448.png,./dataset/Raw Data/high_res/448.png
./dataset/Raw Data/low_res/449.png,./dataset/Raw Data/high_res/449.png
./dataset/Raw Data/low_res/450.png,./dataset/Raw Data/high_res/450.png
./dataset/Raw Data/low_res/451.png,./dataset/Raw Data/high_res/451.png
./dataset/Raw Data/low_res/452.png,./dataset/Raw Data/high_res/452.png
./dataset/Raw Data/low_res/453.png,./dataset/Raw Data/high_res/453.png
./dataset/Raw Data/low_res/454.png,./dataset/Raw Data/high_res/454.png
./dataset/Raw Data/low_res/455.png,./dataset/Raw Data/high_res/455.png
./dataset/Raw Data/low_res/456.png,./dataset/Raw Data/high_res/456.png
./dataset/Raw Data/low_res/457.png,./dataset/Raw Data/high_res/457.png
./dataset/Raw Data/low_res/458.png,./dataset/Raw Data/high_res/458.png
./dataset/Raw Data/low_res/459.png,./dataset/Raw Data/high_res/459.png
./dataset/Raw Data/low_res/460.png,./dataset/Raw Data/high_res/460.png
./dataset/Raw Data/low_res/461.png,./dataset/Raw Data/high_res/461.png
./dataset/Raw Data/low_res/462.png,./dataset/Raw Data/high_res/462.png
./dataset/Raw Data/low_res/463.png,./dataset/Raw Data/high_res/463.png
./dataset/Raw Data/low_res/464.png,./dataset/Raw Data/high_res/464.png
./dataset/Raw Data/low_res/465.png,./dataset/Raw Data/high_res/465.png
./dataset/Raw Data/low_res/466.png,./dataset/Raw Data/high_res/466.png
./dataset/Raw Data/low_res/467.png,./dataset/Raw Data/high_res/467.png
./dataset/Raw Data/low_res/468.png,./dataset/Raw Data/high_res/468.png
./dataset/Raw Data/low_res/469.png,./dataset/Raw Data/high_res/469.png
./dataset/Raw Data/low_res/470.png,./dataset/Raw Data/high_res/470.png
./dataset/Raw Data/low_res/471.png,./dataset/Raw Data/high_res/471.png
./dataset/Raw Data/low_res/472.png,./dataset/Raw Data/high_res/472.png
./dataset/Raw Data/low_res/473.png,./dataset/Raw Data/high_res/473.png
./dataset/Raw Data/low_res/474.png,./dataset/Raw Data/high_res/474.png
./dataset/Raw Data/low_res/475.png,./dataset/Raw Data/high_res/475.png
./dataset/Raw Data/low_res/476.png,./dataset/Raw Data/high_res/476.png
./dataset/Raw Data/low_res/477.png,./dataset/Raw Data/high_res/477.png
./dataset/Raw Data/low_res/478.png,./dataset/Raw Data/high_res/478.png
./dataset/Raw Data/low_res/479.png,./dataset/Raw Data/high_res/479.png
./dataset/Raw Data/low_res/480.png,./dataset/Raw Data/high_res/480.png
./dataset/Raw Data/low_res/481.png,./dataset/Raw Data/high_res/481.png
./dataset/Raw Data/low_res/482.png,./dataset/Raw Data/high_res/482.png
./dataset/Raw Data/low_res/483.png,./dataset/Raw Data/high_res/483.png
./dataset/Raw Data/low_res/484.png,./dataset/Raw Data/high_res/484.png
./dataset/Raw Data/low_res/485.png,./dataset/Raw Data/high_res/485.png
./dataset/Raw Data/low_res/486.png,./dataset/Raw Data/high_res/486.png
./dataset/Raw Data/low_res/487.png,./dataset/Raw Data/high_res/487.png
./dataset/Raw Data/low_res/488.png,./dataset/Raw Data/high_res/488.png
./dataset/Raw Data/low_res/489.png,./dataset/Raw Data/high_res/489.png
./dataset/Raw Data/low_res/490.png,./dataset/Raw Data/high_res/490.png
./dataset/Raw Data/low_res/491.png,./dataset/Raw Data/high_res/491.png
./dataset/Raw Data/low_res/492.png,./dataset/Raw Data/high_res/492.png
./dataset/Raw Data/low_res/493.png,./dataset/Raw Data/high_res/493.png
./dataset/Raw Data/low_res/494.png,./dataset/Raw Data/high_res/494.png
./dataset/Raw Data/low_res/495.png,./dataset/Raw Data/high_res/495.png
./dataset/Raw Data/low_res/496.png,./dataset/Raw Data/high_res/496.png
./dataset/Raw Data/low_res/497.png,./dataset/Raw Data/high_res/497.png
./dataset/Raw Data/low_res/498.png,./dataset/Raw Data/high_res/498.png
./dataset/Raw Data/low_res/499.png,./dataset/Raw Data/high_res/499.png
./dataset/Raw Data/low_res/500.png,./dataset/Raw Data/high_res/500.png
./dataset/Raw Data/low_res/501.png,./dataset/Raw Data/high_res/501.png
./dataset/Raw Data/low_res/502.png,./dataset/Raw Data/high_res/502.png
./dataset/Raw Data/low_res/503.png,./dataset/Raw Data/high_res/503.png
./dataset/Raw Data/low_res/504.png,./dataset/Raw Data/high_res/504.png
./dataset/Raw Data/low_res/505.png,./dataset/Raw Data/high_res/505.png
./dataset/Raw Data/low_res/506.png,./dataset/Raw Data/high_res/506.png
./dataset/Raw Data/low_res/507.png,./dataset/Raw Data/high_res/507.png
./dataset/Raw Data/low_res/508.png,./dataset/Raw Data/high_res/508.png
./dataset/Raw Data/low_res/509.png,./dataset/Raw Data/high_res/509.png
./dataset/Raw Data/low_res/510.png,./dataset/Raw Data/high_res/510.png
./dataset/Raw Data/low_res/511.png,./dataset/Raw Data/high_res/511.png
./dataset/Raw Data/low_res/512.png,./dataset/Raw Data/high_res/512.png
./dataset/Raw Data/low_res/513.png,./dataset/Raw Data/high_res/513.png
./dataset/Raw Data/low_res/514.png,./dataset/Raw Data/high_res/514.png
./dataset/Raw Data/low_res/515.png,./dataset/Raw Data/high_res/515.png
./dataset/Raw Data/low_res/516.png,./dataset/Raw Data/high_res/516.png
./dataset/Raw Data/low_res/517.png,./dataset/Raw Data/high_res/517.png
./dataset/Raw Data/low_res/518.png,./dataset/Raw Data/high_res/518.png
./dataset/Raw Data/low_res/519.png,./dataset/Raw Data/high_res/519.png
./dataset/Raw Data/low_res/520.png,./dataset/Raw Data/high_res/520.png
./dataset/Raw Data/low_res/521.png,./dataset/Raw Data/high_res/521.png
./dataset/Raw Data/low_res/522.png,./dataset/Raw Data/high_res/522.png
./dataset/Raw Data/low_res/523.png,./dataset/Raw Data/high_res/523.png
./dataset/Raw Data/low_res/524.png,./dataset/Raw Data/high_res/524.png
./dataset/Raw Data/low_res/525.png,./dataset/Raw Data/high_res/525.png
./dataset/Raw Data/low_res/526.png,./dataset/Raw Data/high_res/526.png
./dataset/Raw Data/low_res/527.png,./dataset/Raw Data/high_res/527.png
./dataset/Raw Data/low_res/528.png,./dataset/Raw Data/high_res/528.png
./dataset/Raw Data/low_res/529.png,./dataset/Raw Data/high_res/529.png
./dataset/Raw Data/low_res/530.png,./dataset/Raw Data/high_res/530.png
./dataset/Raw Data/low_res/531.png,./dataset/Raw Data/high_res/531.png
./dataset/Raw Data/low_res/532.png,./dataset/Raw Data/high_res/532.png
./dataset/Raw Data/low_res/533.png,./dataset/Raw Data/high_res/533.png
./dataset/Raw Data/low_res/534.png,./dataset/Raw Data/high_res/534.png
./dataset/Raw Data/low_res/535.png,./dataset/Raw Data/high_res/535.png
./dataset/Raw Data/low_res/536.png,./dataset/Raw Data/high_res/536.png
./dataset/Raw Data/low_res/537.png,./dataset/Raw Data/high_res/537.png
./dataset/Raw Data/low_res/538.png,./dataset/Raw Data/high_res/538.png
./dataset/Raw Data/low_res/539.png,./dataset/Raw Data/high_res/539.png
./dataset/Raw Data/low_res/540.png,./dataset/Raw Data/high_res/540.png
./dataset/Raw Data/low_res/541.png,./dataset/Raw Data/high_res/541.png
./dataset/Raw Data/low_res/542.png,./dataset/Raw Data/high_res/542.png
./dataset/Raw Data/low_res/543.png,./dataset/Raw Data/high_res/543.png
./dataset/Raw Data/low_res/544.png,./dataset/Raw Data/high_res/544.png
./dataset/Raw Data/low_res/545.png,./dataset/Raw Data/high_res/545.png
./dataset/Raw Data/low_res/546.png,./dataset/Raw Data/high_res/546.png
./dataset/Raw Data/low_res/547.png,./dataset/Raw Data/high_res/547.png
./dataset/Raw Data/low_res/548.png,./dataset/Raw Data/high_res/548.png
./dataset/Raw Data/low_res/549.png,./dataset/Raw Data/high_res/549.png
./dataset/Raw Data/low_res/550.png,./dataset/Raw Data/high_res/550.png
./dataset/Raw Data/low_res/551.png,./dataset/Raw Data/high_res/551.png
./dataset/Raw Data/low_res/552.png,./dataset/Raw Data/high_res/552.png
./dataset/Raw Data/low_res/553.png,./dataset/Raw Data/high_res/553.png
./dataset/Raw Data/low_res/554.png,./dataset/Raw Data/high_res/554.png
./dataset/Raw Data/low_res/555.png,./dataset/Raw Data/high_res/555.png
./dataset/Raw Data/low_res/556.png,./dataset/Raw Data/high_res/556.png
./dataset/Raw Data/low_res/557.png,./dataset/Raw Data/high_res/557.png
./dataset/Raw Data/low_res/558.png,./dataset/Raw Data/high_res/558.png
./dataset/Raw Data/low_res/559.png,./dataset/Raw Data/high_res/559.png
./dataset/Raw Data/low_res/560.png,./dataset/Raw Data/high_res/560.png
./dataset/Raw Data/low_res/561.png,./dataset/Raw Data/high_res/561.png
./dataset/Raw Data/low_res/562.png,./dataset/Raw Data/high_res/562.png
./dataset/Raw Data/low_res/563.png,./dataset/Raw Data/high_res/563.png
./dataset/Raw Data/low_res/564.png,./dataset/Raw Data/high_res/564.png
./dataset/Raw Data/low_res/565.png,./dataset/Raw Data/high_res/565.png
./dataset/Raw Data/low_res/566.png,./dataset/Raw Data/high_res/566.png
./dataset/Raw Data/low_res/567.png,./dataset/Raw Data/high_res/567.png
./dataset/Raw Data/low_res/568.png,./dataset/Raw Data/high_res/568.png
./dataset/Raw Data/low_res/569.png,./dataset/Raw Data/high_res/569.png
./dataset/Raw Data/low_res/570.png,./dataset/Raw Data/high_res/570.png
./dataset/Raw Data/low_res/571.png,./dataset/Raw Data/high_res/571.png
./dataset/Raw Data/low_res/572.png,./dataset/Raw Data/high_res/572.png
./dataset/Raw Data/low_res/573.png,./dataset/Raw Data/high_res/573.png
./dataset/Raw Data/low_res/574.png,./dataset/Raw Data/high_res/574.png
./dataset/Raw Data/low_res/575.png,./dataset/Raw Data/high_res/575.png
./dataset/Raw Data/low_res/576.png,./dataset/Raw Data/high_res/576.png
./dataset/Raw Data/low_res/577.png,./dataset/Raw Data/high_res/577.png
./dataset/Raw Data/low_res/578.png,./dataset/Raw Data/high_res/578.png
./dataset/Raw Data/low_res/579.png,./dataset/Raw Data/high_res/579.png
./dataset/Raw Data/low_res/580.png,./dataset/Raw Data/high_res/580.png
./dataset/Raw Data/low_res/581.png,./dataset/Raw Data/high_res/581.png
./dataset/Raw Data/low_res/582.png,./dataset/Raw Data/high_res/582.png
./dataset/Raw Data/low_res/583.png,./dataset/Raw Data/high_res/583.png
./dataset/Raw Data/low_res/584.png,./dataset/Raw Data/high_res/584.png
./dataset/Raw Data/low_res/585.png,./dataset/Raw Data/high_res/585.png
./dataset/Raw Data/low_res/586.png,./dataset/Raw Data/high_res/586.png
./dataset/Raw Data/low_res/587.png,./dataset/Raw Data/high_res/587.png
./dataset/Raw Data/low_res/588.png,./dataset/Raw Data/high_res/588.png
./dataset/Raw Data/low_res/589.png,./dataset/Raw Data/high_res/589.png
./dataset/Raw Data/low_res/590.png,./dataset/Raw Data/high_res/590.png
./dataset/Raw Data/low_res/591.png,./dataset/Raw Data/high_res/591.png
./dataset/Raw Data/low_res/592.png,./dataset/Raw Data/high_res/592.png
./dataset/Raw Data/low_res/593.png,./dataset/Raw Data/high_res/593.png
./dataset/Raw Data/low_res/594.png,./dataset/Raw Data/high_res/594.png
./dataset/Raw Data/low_res/595.png,./dataset/Raw Data/high_res/595.png
./dataset/Raw Data/low_res/596.png,./dataset/Raw Data/high_res/596.png
./dataset/Raw Data/low_res/597.png,./dataset/Raw Data/high_res/597.png
./dataset/Raw Data/low_res/598.png,./dataset/Raw Data/high_res/598.png
./dataset/Raw Data/low_res/599.png,./dataset/Raw Data/high_res/599.png
./dataset/Raw Data/low_res/600.png,./dataset/Raw Data/high_res/600.png
./dataset/Raw Data/low_res/601.png,./dataset/Raw Data/high_res/601.png
./dataset/Raw Data/low_res/602.png,./dataset/Raw Data/high_res/602.png
./dataset/Raw Data/low_res/603.png,./dataset/Raw Data/high_res/603.png
./dataset/Raw Data/low_res/604.png,./dataset/Raw Data/high_res/604.png
./dataset/Raw Data/low_res/605.png,./dataset/Raw Data/high_res/605.png
./dataset/Raw Data/low_res/606.png,./dataset/Raw Data/high_res/606.png
./dataset/Raw Data/low_res/607.png,./dataset/Raw Data/high_res/607.png
./dataset/Raw Data/low_res/608.png,./dataset/Raw Data/high_res/608.png
./dataset/Raw Data/low_res/609.png,./dataset/Raw Data/high_res/609.png
./dataset/Raw Data/low_res/610.png,./dataset/Raw Data/high_res/610.png
./dataset/Raw Data/low_res/611.png,./dataset/Raw Data/high_res/611.png
./dataset/Raw Data/low_res/612.png,./dataset/Raw Data/high_res/612.png
./dataset/Raw Data/low_res/613.png,./dataset/Raw Data/high_res/613.png
./dataset/Raw Data/low_res/614.png,./dataset/Raw Data/high_res/614.png
./dataset/Raw Data/low_res/615.png,./dataset/Raw Data/high_res/615.png
./dataset/Raw Data/low_res/616.png,./dataset/Raw Data/high_res/616.png
./dataset/Raw Data/low_res/617.png,./dataset/Raw Data/high_res/617.png
./dataset/Raw Data/low_res/618.png,./dataset/Raw Data/high_res/618.png
./dataset/Raw Data/low_res/619.png,./dataset/Raw Data/high_res/619.png
./dataset/Raw Data/low_res/620.png,./dataset/Raw Data/high_res/620.png
./dataset/Raw Data/low_res/621.png,./dataset/Raw Data/high_res/621.png
./dataset/Raw Data/low_res/622.png,./dataset/Raw Data/high_res/622.png
./dataset/Raw Data/low_res/623.png,./dataset/Raw Data/high_res/623.png
./dataset/Raw Data/low_res/624.png,./dataset/Raw Data/high_res/624.png
./dataset/Raw Data/low_res/625.png,./dataset/Raw Data/high_res/625.png
./dataset/Raw Data/low_res/626.png,./dataset/Raw Data/high_res/626.png
./dataset/Raw Data/low_res/627.png,./dataset/Raw Data/high_res/627.png
./dataset/Raw Data/low_res/628.png,./dataset/Raw Data/high_res/628.png
./dataset/Raw Data/low_res/629.png,./dataset/Raw Data/high_res/629.png
./dataset/Raw Data/low_res/630.png,./dataset/Raw Data/high_res/630.png
./dataset/Raw Data/low_res/631.png,./dataset/Raw Data/high_res/631.png
./dataset/Raw Data/low_res/632.png,./dataset/Raw Data/high_res/632.png
./dataset/Raw Data/low_res/633.png,./dataset/Raw Data/high_res/633.png
./dataset/Raw Data/low_res/634.png,./dataset/Raw Data/high_res/634.png
./dataset/Raw Data/low_res/635.png,./dataset/Raw Data/high_res/635.png
./dataset/Raw Data/low_res/636.png,./dataset/Raw Data/high_res/636.png
./dataset/Raw Data/low_res/637.png,./dataset/Raw Data/high_res/637.png
./dataset/Raw Data/low_res/638.png,./dataset/Raw Data/high_res/638.png
./dataset/Raw Data/low_res/639.png,./dataset/Raw Data/high_res/639.png
./dataset/Raw Data/low_res/640.png,./dataset/Raw Data/high_res/640.png
./dataset/Raw Data/low_res/641.png,./dataset/Raw Data/high_res/641.png
./dataset/Raw Data/low_res/642.png,./dataset/Raw Data/high_res/642.png
./dataset/Raw Data/low_res/643.png,./dataset/Raw Data/high_res/643.png
./dataset/Raw Data/low_res/644.png,./dataset/Raw Data/high_res/644.png
./dataset/Raw Data/low_res/645.png,./dataset/Raw Data/high_res/645.png
./dataset/Raw Data/low_res/646.png,./dataset/Raw Data/high_res/646.png
./dataset/Raw Data/low_res/647.png,./dataset/Raw Data/high_res/647.png
./dataset/Raw Data/low_res/648.png,./dataset/Raw Data/high_res/648.png
./dataset/Raw Data/low_res/649.png,./dataset/Raw Data/high_res/649.png
./dataset/Raw Data/low_res/650.png,./dataset/Raw Data/high_res/650.png
./dataset/Raw Data/low_res/651.png,./dataset/Raw Data/high_res/651.png
./dataset/Raw Data/low_res/652.png,./dataset/Raw Data/high_res/652.png
./dataset/Raw Data/low_res/653.png,./dataset/Raw Data/high_res/653.png
./dataset/Raw Data/low_res/654.png,./dataset/Raw Data/high_res/654.png
./dataset/Raw Data/low_res/655.png,./dataset/Raw Data/high_res/655.png
./dataset/Raw Data/low_res/656.png,./dataset/Raw Data/high_res/656.png
./dataset/Raw Data/low_res/657.png,./dataset/Raw Data/high_res/657.png
./dataset/Raw Data/low_res/658.png,./dataset/Raw Data/high_res/658.png
./dataset/Raw Data/low_res/659.png,./dataset/Raw Data/high_res/659.png
./dataset/Raw Data/low_res/660.png,./dataset/Raw Data/high_res/660.png
./dataset/Raw Data/low_res/661.png,./dataset/Raw Data/high_res/661.png
./dataset/Raw Data/low_res/662.png,./dataset/Raw Data/high_res/662.png
./dataset/Raw Data/low_res/663.png,./dataset/Raw Data/high_res/663.png
./dataset/Raw Data/low_res/664.png,./dataset/Raw Data/high_res/664.png
./dataset/Raw Data/low_res/665.png,./dataset/Raw Data/high_res/665.png
./dataset/Raw Data/low_res/666.png,./dataset/Raw Data/high_res/666.png
./dataset/Raw Data/low_res/667.png,./dataset/Raw Data/high_res/667.png
./dataset/Raw Data/low_res/668.png,./dataset/Raw Data/high_res/668.png
./dataset/Raw Data/low_res/669.png,./dataset/Raw Data/high_res/669.png
./dataset/Raw Data/low_res/670.png,./dataset/Raw Data/high_res/670.png
./dataset/Raw Data/low_res/671.png,./dataset/Raw Data/high_res/671.png
./dataset/Raw Data/low_res/672.png,./dataset/Raw Data/high_res/672.png
./dataset/Raw Data/low_res/673.png,./dataset/Raw Data/high_res/673.png
./dataset/Raw Data/low_res/674.png,./dataset/Raw Data/high_res/674.png
./dataset/Raw Data/low_res/675.png,./dataset/Raw Data/high_res/675.png
./dataset/Raw Data/low_res/676.png,./dataset/Raw Data/high_res/676.png
./dataset/Raw Data/low_res/677.png,./dataset/Raw Data/high_res/677.png
./dataset/Raw Data/low_res/678.png,./dataset/Raw Data/high_res/678.png
./dataset/Raw Data/low_res/679.png,./dataset/Raw Data/high_res/679.png
./dataset/Raw Data/low_res/680.png,./dataset/Raw Data/high_res/680.png
./dataset/Raw Data/low_res/681.png,./dataset/Raw Data/high_res/681.png
./dataset/Raw Data/low_res/682.png,./dataset/Raw Data/high_res/682.png
./dataset/Raw Data/low_res/683.png,./dataset/Raw Data/high_res/683.png
./dataset/Raw Data/low_res/684.png,./dataset/Raw Data/high_res/684.png
./dataset/Raw Data/low_res/685.png,./dataset/Raw Data/high_res/685.png
./dataset/Raw Data/low_res/686.png,./dataset/Raw Data/high_res/686.png
./dataset/Raw Data/low_res/687.png,./dataset/Raw Data/high_res/687.png
./dataset/Raw Data/low_res/688.png,./dataset/Raw Data/high_res/688.png
./dataset/Raw Data/low_res/689.png,./dataset/Raw Data/high_res/689.png
./dataset/Raw Data/low_res/690.png,./dataset/Raw Data/high_res/690.png
./dataset/Raw Data/low_res/691.png,./dataset/Raw Data/high_res/691.png
./dataset/Raw Data/low_res/692.png,./dataset/Raw Data/high_res/692.png
./dataset/Raw Data/low_res/693.png,./dataset/Raw Data/high_res/693.png
./dataset/Raw Data/low_res/694.png,./dataset/Raw Data/high_res/694.png
./dataset/Raw Data/low_res/695.png,./dataset/Raw Data/high_res/695.png
./dataset/Raw Data/low_res/696.png,./dataset/Raw Data/high_res/696.png
./dataset/Raw Data/low_res/697.png,./dataset/Raw Data/high_res/697.png
./dataset/Raw Data/low_res/698.png,./dataset/Raw Data/high_res/698.png
./dataset/Raw Data/low_res/699.png,./dataset/Raw Data/high_res/699.png
./dataset/Raw Data/low_res/700.png,./dataset/Raw Data/high_res/700.png
./dataset/Raw Data/low_res/701.png,./dataset/Raw Data/high_res/701.png
./dataset/Raw Data/low_res/702.png,./dataset/Raw Data/high_res/702.png
./dataset/Raw Data/low_res/703.png,./dataset/Raw Data/high_res/703.png
./dataset/Raw Data/low_res/704.png,./dataset/Raw Data/high_res/704.png
./dataset/Raw Data/low_res/705.png,./dataset/Raw Data/high_res/705.png
./dataset/Raw Data/low_res/706.png,./dataset/Raw Data/high_res/706.png
./dataset/Raw Data/low_res/707.png,./dataset/Raw Data/high_res/707.png
./dataset/Raw Data/low_res/708.png,./dataset/Raw Data/high_res/708.png
./dataset/Raw Data/low_res/709.png,./dataset/Raw Data/high_res/709.png
./dataset/Raw Data/low_res/710.png,./dataset/Raw Data/high_res/710.png
./dataset/Raw Data/low_res/711.png,./dataset/Raw Data/high_res/711.png
./dataset/Raw Data/low_res/712.png,./dataset/Raw Data/high_res/712.png
./dataset/Raw Data/low_res/713.png,./dataset/Raw Data/high_res/713.png
./dataset/Raw Data/low_res/714.png,./dataset/Raw Data/high_res/714.png
./dataset/Raw Data/low_res/715.png,./dataset/Raw Data/high_res/715.png
./dataset/Raw Data/low_res/716.png,./dataset/Raw Data/high_res/716.png
./dataset/Raw Data/low_res/717.png,./dataset/Raw Data/high_res/717.png
./dataset/Raw Data/low_res/718.png,./dataset/Raw Data/high_res/718.png
./dataset/Raw Data/low_res/719.png,./dataset/Raw Data/high_res/719.png
./dataset/Raw Data/low_res/720.png,./dataset/Raw Data/high_res/720.png
./dataset/Raw Data/low_res/721.png,./dataset/Raw Data/high_res/721.png
./dataset/Raw Data/low_res/722.png,./dataset/Raw Data/high_res/722.png
./dataset/Raw Data/low_res/723.png,./dataset/Raw Data/high_res/723.png
./dataset/Raw Data/low_res/724.png,./dataset/Raw Data/high_res/724.png
./dataset/Raw Data/low_res/725.png,./dataset/Raw Data/high_res/725.png
./dataset/Raw Data/low_res/726.png,./dataset/Raw Data/high_res/726.png
./dataset/Raw Data/low_res/727.png,./dataset/Raw Data/high_res/727.png
./dataset/Raw Data/low_res/728.png,./dataset/Raw Data/high_res/728.png
./dataset/Raw Data/low_res/729.png,./dataset/Raw Data/high_res/729.png
./dataset/Raw Data/low_res/730.png,./dataset/Raw Data/high_res/730.png
./dataset/Raw Data/low_res/731.png,./dataset/Raw Data/high_res/731.png
./dataset/Raw Data/low_res/732.png,./dataset/Raw Data/high_res/732.png
./dataset/Raw Data/low_res/733.png,./dataset/Raw Data/high_res/733.png
./dataset/Raw Data/low_res/734.png,./dataset/Raw Data/high_res/734.png
./dataset/Raw Data/low_res/735.png,./dataset/Raw Data/high_res/735.png
./dataset/Raw Data/low_res/736.png,./dataset/Raw Data/high_res/736.png
./dataset/Raw Data/low_res/737.png,./dataset/Raw Data/high_res/737.png
./dataset/Raw Data/low_res/738.png,./dataset/Raw Data/high_res/738.png
./dataset/Raw Data/low_res/739.png,./dataset/Raw Data/high_res/739.png
./dataset/Raw Data/low_res/740.png,./dataset/Raw Data/high_res/740.png
./dataset/Raw Data/low_res/741.png,./dataset/Raw Data/high_res/741.png
./dataset/Raw Data/low_res/742.png,./dataset/Raw Data/high_res/742.png
./dataset/Raw Data/low_res/743.png,./dataset/Raw Data/high_res/743.png
./dataset/Raw Data/low_res/744.png,./dataset/Raw Data/high_res/744.png
./dataset/Raw Data/low_res/745.png,./dataset/Raw Data/high_res/745.png
./dataset/Raw Data/low_res/746.png,./dataset/Raw Data/high_res/746.png
./dataset/Raw Data/low_res/747.png,./dataset/Raw Data/high_res/747.png
./dataset/Raw Data/low_res/748.png,./dataset/Raw Data/high_res/748.png
./dataset/Raw Data/low_res/749.png,./dataset/Raw Data/high_res/749.png
./dataset/Raw Data/low_res/750.png,./dataset/Raw Data/high_res/750.png
./dataset/Raw Data/low_res/751.png,./dataset/Raw Data/high_res/751.png
./dataset/Raw Data/low_res/752.png,./dataset/Raw Data/high_res/752.png
./dataset/Raw Data/low_res/753.png,./dataset/Raw Data/high_res/753.png
./dataset/Raw Data/low_res/754.png,./dataset/Raw Data/high_res/754.png
./dataset/Raw Data/low_res/755.png,./dataset/Raw Data/high_res/755.png
./dataset/Raw Data/low_res/756.png,./dataset/Raw Data/high_res/756.png
./dataset/Raw Data/low_res/757.png,./dataset/Raw Data/high_res/757.png
./dataset/Raw Data/low_res/758.png,./dataset/Raw Data/high_res/758.png
./dataset/Raw Data/low_res/759.png,./dataset/Raw Data/high_res/759.png
./dataset/Raw Data/low_res/760.png,./dataset/Raw Data/high_res/760.png
./dataset/Raw Data/low_res/761.png,./dataset/Raw Data/high_res/761.png
./dataset/Raw Data/low_res/762.png,./dataset/Raw Data/high_res/762.png
./dataset/Raw Data/low_res/763.png,./dataset/Raw Data/high_res/763.png
./dataset/Raw Data/low_res/764.png,./dataset/Raw Data/high_res/764.png
./dataset/Raw Data/low_res/765.png,./dataset/Raw Data/high_res/765.png
./dataset/Raw Data/low_res/766.png,./dataset/Raw Data/high_res/766.png
./dataset/Raw Data/low_res/767.png,./dataset/Raw Data/high_res/767.png
./dataset/Raw Data/low_res/768.png,./dataset/Raw Data/high_res/768.png
./dataset/Raw Data/low_res/769.png,./dataset/Raw Data/high_res/769.png
./dataset/Raw Data/low_res/770.png,./dataset/Raw Data/high_res/770.png
./dataset/Raw Data/low_res/771.png,./dataset/Raw Data/high_res/771.png
./dataset/Raw Data/low_res/772.png,./dataset/Raw Data/high_res/772.png
./dataset/Raw Data/low_res/773.png,./dataset/Raw Data/high_res/773.png
./dataset/Raw Data/low_res/774.png,./dataset/Raw Data/high_res/774.png
./dataset/Raw Data/low_res/775.png,./dataset/Raw Data/high_res/775.png
./dataset/Raw Data/low_res/776.png,./dataset/Raw Data/high_res/776.png
./dataset/Raw Data/low_res/777.png,./dataset/Raw Data/high_res/777.png
./dataset/Raw Data/low_res/778.png,./dataset/Raw Data/high_res/778.png
./dataset/Raw Data/low_res/779.png,./dataset/Raw Data/high_res/779.png
./dataset/Raw Data/low_res/780.png,./dataset/Raw Data/high_res/780.png
./dataset/Raw Data/low_res/781.png,./dataset/Raw Data/high_res/781.png
./dataset/Raw Data/low_res/782.png,./dataset/Raw Data/high_res/782.png
./dataset/Raw Data/low_res/783.png,./dataset/Raw Data/high_res/783.png
./dataset/Raw Data/low_res/784.png,./dataset/Raw Data/high_res/784.png
./dataset/Raw Data/low_res/785.png,./dataset/Raw Data/high_res/785.png
./dataset/Raw Data/low_res/786.png,./dataset/Raw Data/high_res/786.png
./dataset/Raw Data/low_res/787.png,./dataset/Raw Data/high_res/787.png
./dataset/Raw Data/low_res/788.png,./dataset/Raw Data/high_res/788.png
./dataset/Raw Data/low_res/789.png,./dataset/Raw Data/high_res/789.png
./dataset/Raw Data/low_res/790.png,./dataset/Raw Data/high_res/790.png
./dataset/Raw Data/low_res/791.png,./dataset/Raw Data/high_res/791.png
./dataset/Raw Data/low_res/792.png,./dataset/Raw Data/high_res/792.png
./dataset/Raw Data/low_res/793.png,./dataset/Raw Data/high_res/793.png
./dataset/Raw Data/low_res/794.png,./dataset/Raw Data/high_res/794.png
./dataset/Raw Data/low_res/795.png,./dataset/Raw Data/high_res/795.png
./dataset/Raw Data/low_res/796.png,./dataset/Raw Data/high_res/796.png
./dataset/Raw Data/low_res/797.png,./dataset/Raw Data/high_res/797.png
./dataset/Raw Data/low_res/798.png,./dataset/Raw Data/high_res/798.png
./dataset/Raw Data/low_res/799.png,./dataset/Raw Data/high_res/799.png
./dataset/Raw Data/low_res/800.png,./dataset/Raw Data/high_res/800.png
./dataset/Raw Data/low_res/801.png,./dataset/Raw Data/high_res/801.png
./dataset/Raw Data/low_res/802.png,./dataset/Raw Data/high_res/802.png
./dataset/Raw Data/low_res/803.png,./dataset/Raw Data/high_res/803.png
./dataset/Raw Data/low_res/804.png,./dataset/Raw Data/high_res/804.png
./dataset/Raw Data/low_res/805.png,./dataset/Raw Data/high_res/805.png
./dataset/Raw Data/low_res/806.png,./dataset/Raw Data/high_res/806.png
./dataset/Raw Data/low_res/807.png,./dataset/Raw Data/high_res/807.png
./dataset/Raw Data/low_res/808.png,./dataset/Raw Data/high_res/808.png
./dataset/Raw Data/low_res/809.png,./dataset/Raw Data/high_res/809.png
./dataset/Raw Data/low_res/810.png,./dataset/Raw Data/high_res/810.png
./dataset/Raw Data/low_res/811.png,./dataset/Raw Data/high_res/811.png
./dataset/Raw Data/low_res/812.png,./dataset/Raw Data/high_res/812.png
./dataset/Raw Data/low_res/813.png,./dataset/Raw Data/high_res/813.png
./dataset/Raw Data/low_res/814.png,./dataset/Raw Data/high_res/814.png
./dataset/Raw Data/low_res/815.png,./dataset/Raw Data/high_res/815.png
./dataset/Raw Data/low_res/816.png,./dataset/Raw Data/high_res/816.png
./dataset/Raw Data/low_res/817.png,./dataset/Raw Data/high_res/817.png
./dataset/Raw Data/low_res/818.png,./dataset/Raw Data/high_res/818.png
./dataset/Raw Data/low_res/819.png,./dataset/Raw Data/high_res/819.png
./dataset/Raw Data/low_res/820.png,./dataset/Raw Data/high_res/820.png
./dataset/Raw Data/low_res/821.png,./dataset/Raw Data/high_res/821.png
./dataset/Raw Data/low_res/822.png,./dataset/Raw Data/high_res/822.png
./dataset/Raw Data/low_res/823.png,./dataset/Raw Data/high_res/823.png
./dataset/Raw Data/low_res/824.png,./dataset/Raw Data/high_res/824.png
./dataset/Raw Data/low_res/825.png,./dataset/Raw Data/high_res/825.png
./dataset/Raw Data/low_res/826.png,./dataset/Raw Data/high_res/826.png
./dataset/Raw Data/low_res/827.png,./dataset/Raw Data/high_res/827.png
./dataset/Raw Data/low_res/828.png,./dataset/Raw Data/high_res/828.png
./dataset/Raw Data/low_res/829.png,./dataset/Raw Data/high_res/829.png
./dataset/Raw Data/low_res/830.png,./dataset/Raw Data/high_res/830.png
./dataset/Raw Data/low_res/831.png,./dataset/Raw Data/high_res/831.png
./dataset/Raw Data/low_res/832.png,./dataset/Raw Data/high_res/832.png
./dataset/Raw Data/low_res/833.png,./dataset/Raw Data/high_res/833.png
./dataset/Raw Data/low_res/834.png,./dataset/Raw Data/high_res/834.png
./dataset/Raw Data/low_res/835.png,./dataset/Raw Data/high_res/835.png
./dataset/Raw Data/low_res/836.png,./dataset/Raw Data/high_res/836.png
./dataset/Raw Data/low_res/837.png,./dataset/Raw Data/high_res/837.png
./dataset/Raw Data/low_res/838.png,./dataset/Raw Data/high_res/838.png
./dataset/Raw Data/low_res/839.png,./dataset/Raw Data/high_res/839.png
./dataset/Raw Data/low_res/840.png,./dataset/Raw Data/high_res/840.png
./dataset/Raw Data/low_res/841.png,./dataset/Raw Data/high_res/841.png
./dataset/Raw Data/low_res/842.png,./dataset/Raw Data/high_res/842.png
./dataset/Raw Data/low_res/843.png,./dataset/Raw Data/high_res/843.png
./dataset/Raw Data/low_res/844.png,./dataset/Raw Data/high_res/844.png
./dataset/Raw Data/low_res/845.png,./dataset/Raw Data/high_res/845.png
./dataset/Raw Data/low_res/846.png,./dataset/Raw Data/high_res/846.png
./dataset/Raw Data/low_res/847.png,./dataset/Raw Data/high_res/847.png
./dataset/Raw Data/low_res/848.png,./dataset/Raw Data/high_res/848.png
./dataset/Raw Data/low_res/849.png,./dataset/Raw Data/high_res/849.png
./dataset/Raw Data/low_res/850.png,./dataset/Raw Data/high_res/850.png
./dataset/Raw Data/low_res/851.png,./dataset/Raw Data/high_res/851.png
./dataset/Raw Data/low_res/852.png,./dataset/Raw Data/high_res/852.png
./dataset/Raw Data/low_res/853.png,./dataset/Raw Data/high_res/853.png
./dataset/Raw Data/low_res/854.png,./dataset/Raw Data/high_res/854.png
